<?xml version="1.0" encoding="utf-8"?>
<eml:eml xmlns:eml="eml://ecoinformatics.org/eml-2.1.1" xmlns:xsi="http://www.w3.org/2001/XMLSchema-instance"
         xsi:schemaLocation="eml://ecoinformatics.org/eml-2.1.1 http://rs.gbif.org/schema/eml-gbif-profile/1.1/eml.xsd"
        packageId="2d9bd0c1-98d1-476b-bd4d-22b472908eff"  system="http://gbif.org" scope="system"
  xml:lang="en">

<dataset>
      <alternateIdentifier>10.15468/yuvkcp</alternateIdentifier>
        <alternateIdentifier>http://ipt.museums.or.ke/ipt/resource?r=asfringing</alternateIdentifier>
    <title>Ringing Data of Birds of Arabuko-Sokoke Forest</title>
    <creator>
    <individualName>
<givenName>Nelly</givenName>          <surName>Ogada</surName>
    </individualName>
<organizationName>National Museums of Kenya</organizationName><positionName>Research Intern</positionName>    <address>
<deliveryPoint>Museum Hill Road</deliveryPoint><city>Nairobi</city><administrativeArea>Nairobi</administrativeArea><postalCode>40658</postalCode><country>KENYA</country>    </address>
<electronicMailAddress>akothogada@gmail.com</electronicMailAddress>    </creator>
    <creator>
    <individualName>
<givenName>Frank</givenName>          <surName>Juma</surName>
    </individualName>
<organizationName>National Museums of Kenya</organizationName><positionName>Research Intern</positionName>    <address>
<deliveryPoint>Museum Hill Road</deliveryPoint><city>Nairobi</city><administrativeArea>Nairobi</administrativeArea><postalCode>40658</postalCode><country>KENYA</country>    </address>
<electronicMailAddress>frankjuma47@gmail.com</electronicMailAddress>    </creator>
    <creator>
    <individualName>
<givenName>Colin</givenName>          <surName>Jackson</surName>
    </individualName>
<organizationName>A Rocha Kenya</organizationName><positionName>National Director</positionName>    <address>
<deliveryPoint>Beach Road, Plot 28, Watamu</deliveryPoint><city>Malindi</city><administrativeArea>Coast</administrativeArea><postalCode>383 - 80202</postalCode><country>KENYA</country>    </address>
<electronicMailAddress>colin.jackson@arocha.org</electronicMailAddress><onlineUrl>http://www.arocha.or.ke/</onlineUrl>    </creator>
    <creator>
    <individualName>
<givenName>Peter</givenName>          <surName>Njoroge</surName>
    </individualName>
<organizationName>National Museums of Kenya</organizationName><positionName>Head of Section - Ornithology</positionName>    <address>
<deliveryPoint>Museum Hill Road</deliveryPoint><city>Nairobi</city><administrativeArea>Nairobi</administrativeArea><postalCode>40658</postalCode><country>KENYA</country>    </address>
<electronicMailAddress>pnjoroge@museums.or.ke</electronicMailAddress><onlineUrl>http://www.museums.or.ke</onlineUrl>    </creator>
    <metadataProvider>
    <individualName>
<givenName>Colin</givenName>          <surName>Jackson</surName>
    </individualName>
<organizationName>A Rocha Kenya</organizationName><positionName>National Director</positionName>    <address>
<deliveryPoint>Beach Road, Plot 28, Watamu</deliveryPoint><city>Malindi</city><administrativeArea>Coast</administrativeArea><postalCode>383 - 80202</postalCode><country>KENYA</country>    </address>
<electronicMailAddress>colin.jackson@arocha.org</electronicMailAddress><onlineUrl>http://www.arocha.or.ke/</onlineUrl>    </metadataProvider>
    <metadataProvider>
    <individualName>
<givenName>Peter</givenName>          <surName>Njoroge</surName>
    </individualName>
<organizationName>National Museums of Kenya</organizationName><positionName>Head of Section - Ornithology</positionName>    <address>
<deliveryPoint>Museum Hill Road</deliveryPoint><city>Nairobi</city><administrativeArea>Nairobi</administrativeArea><postalCode>40658</postalCode><country>KENYA</country>    </address>
<electronicMailAddress>pnjoroge@museums.or.ke</electronicMailAddress><onlineUrl>http://www.museums.or.ke</onlineUrl>    </metadataProvider>
    <associatedParty>
    <individualName>
<givenName>Esther</givenName>          <surName>Mwangi</surName>
    </individualName>
<organizationName>National Museums of Kenya</organizationName><positionName>Research Scientist</positionName>    <address>
<deliveryPoint>Museum Hill Road</deliveryPoint><city>Nairobi</city><administrativeArea>Nairobi</administrativeArea><postalCode>40658</postalCode><country>KENYA</country>    </address>
<electronicMailAddress>ewmwangi@museums.or.ke</electronicMailAddress><onlineUrl>http://www.museums.or.ke</onlineUrl>    <role>PROCESSOR</role>
    </associatedParty>
    <associatedParty>
    <individualName>
<givenName>Lawrence</givenName>          <surName>Monda</surName>
    </individualName>
<organizationName>National Museums of Kenya</organizationName><positionName>ICT Manager</positionName>    <address>
<deliveryPoint>Museum Hill Road</deliveryPoint><city>Nairobi</city><administrativeArea>Nairobi</administrativeArea><postalCode>40658</postalCode><country>KENYA</country>    </address>
<electronicMailAddress>lmonda@museums.or.ke</electronicMailAddress><onlineUrl>http://www.museums.or.ke</onlineUrl>    <role>PUBLISHER</role>
    </associatedParty>
      <pubDate>
      2018-11-02
      </pubDate>
    <language>ENGLISH</language>
    <abstract>
        <para>The data presented here is part of the ringing data at the National Museums of Kenya, Ornithology Section archives for the years between 1971 – 1996. It contains a list of species caught and ringed in the Arabuko-Sokoke Forest by different ringers within this period. National Museum of Kenya , Ornithology Section is responsible for all ringing activities in East Africa. They are custodians of all the rings used by ringers within this part of Africa. The ringers are usually adviced to leave copies of their ringing records in the section for future references. The list consists of species recorded in the different habitats of the forest as well as those recorded in the areas with close proximity to Arabuko Sokoke Forest.</para>
    </abstract>
        <keywordSet>
              <keyword>Sampling event</keyword>
              <keyword>National Museums of Kenya</keyword>
              <keyword>Ornithology</keyword>
              <keyword>Arabuko-Sokoke Forest</keyword>
              <keyword>Kenya</keyword>
              <keyword>bird ringing</keyword>
              <keyword>ringing schedule</keyword>
              <keywordThesaurus>GBIF Dataset Type Vocabulary: http://rs.gbif.org/vocabulary/gbif/dataset_type.xml</keywordThesaurus>
        </keywordSet>
      <intellectualRights>
        <para>This work is licensed under a <ulink url="http://creativecommons.org/licenses/by-nc/4.0/legalcode"><citetitle>Creative Commons Attribution Non Commercial (CC-BY-NC) 4.0 License</citetitle></ulink>.</para>
      </intellectualRights>
      <coverage>
            <geographicCoverage>
                  <geographicDescription>Arabuko Sokoke Forest</geographicDescription>
                  <boundingCoordinates>
                      <westBoundingCoordinate>39.792</westBoundingCoordinate>
                      <eastBoundingCoordinate>40.001</eastBoundingCoordinate>
                      <northBoundingCoordinate>-3.197</northBoundingCoordinate>
                      <southBoundingCoordinate>-3.505</southBoundingCoordinate>
                  </boundingCoordinates>
            </geographicCoverage>
          <temporalCoverage>
            <rangeOfDates>
              <beginDate>
                <calendarDate>      1971
</calendarDate>
              </beginDate>
              <endDate>
                <calendarDate>      1996
</calendarDate>
              </endDate>
            </rangeOfDates>
          </temporalCoverage>
              <taxonomicCoverage>
                    <generalTaxonomicCoverage>Birds captured and ringed in Arabuko-Sokoke Forest were identified to Species level.</generalTaxonomicCoverage>
                    <taxonomicClassification>
                          <taxonRankName>Kingdom</taxonRankName>
                        <taxonRankValue>Animalia</taxonRankValue>
                    </taxonomicClassification>
                    <taxonomicClassification>
                          <taxonRankName>Phylum</taxonRankName>
                        <taxonRankValue>Chordata</taxonRankValue>
                    </taxonomicClassification>
                    <taxonomicClassification>
                          <taxonRankName>Class</taxonRankName>
                        <taxonRankValue>Aves</taxonRankValue>
                    </taxonomicClassification>
              </taxonomicCoverage>
      </coverage>
      <maintenance>
          <description>
              <para></para>
          </description>
          <maintenanceUpdateFrequency>unkown</maintenanceUpdateFrequency>
      </maintenance>
      <contact>
    <individualName>
<givenName>Peter</givenName>          <surName>Njoroge</surName>
    </individualName>
<organizationName>National Museums of Kenya</organizationName><positionName>Head of Section - Ornithology</positionName>    <address>
<deliveryPoint>Museum Hill Road</deliveryPoint><city>Nairobi</city><administrativeArea>Nairobi</administrativeArea><postalCode>40658</postalCode><country>KENYA</country>    </address>
<electronicMailAddress>pnjoroge@museums.or.ke</electronicMailAddress><onlineUrl>http://www.museums.or.ke</onlineUrl>      </contact>
      <methods>
            <methodStep>
                <description>
                    <para></para>
                </description>
            </methodStep>
      </methods>

      <project id="BID-AF2017-0274-NAC">
          <title>Application of biodiversity monitoring data to resolve competing conservation management priorities in an East African forest landscape</title>
          <personnel>
    <individualName>
<givenName>Colin</givenName>          <surName>Jackson</surName>
    </individualName>
    <role>PRINCIPAL_INVESTIGATOR</role>
          </personnel>
          <personnel>
    <individualName>
<givenName>Peter</givenName>          <surName>Njoroge</surName>
    </individualName>
    <role>CUSTODIAN_STEWARD</role>
          </personnel>
          <personnel>
    <individualName>
<givenName>Nelly</givenName>          <surName>Ogada</surName>
    </individualName>
    <role>POINT_OF_CONTACT</role>
          </personnel>
          <personnel>
    <individualName>
<givenName>Frank</givenName>          <surName>Juma</surName>
    </individualName>
    <role>POINT_OF_CONTACT</role>
          </personnel>
          <abstract>
              <para>The purpose of this project is to digitalise all data of both flora and fauna recorded in Arabuko-Sokoke Forest making the data easily accessible to conservationists and researchers. By being the largest and least disturbed coastal forest in East Africa, the forest is home to a number of endemic and rare bird species. Ringing of birds in especially in forested habitats is one of the best methods of collecting data on cryptic species of birds found in the forest ecosystems.</para>
          </abstract>
          <funding>
              <para>The final formatting and digitisation of Arabuko-Sokoke Forest data was funded by the European Union through the Biodiversity Information for Development project of the Global Biodiversity Information Facility https://bid.gbif.org/en/calls/africa-2017/national-grants/</para>
          </funding>
            <studyAreaDescription>
                <descriptor name="generic" citableClassificationSystem="false">
                    <descriptorValue>Arabuko-Sokoke Forest lies within co-ordinates 030 20’ S and 390 50’E. The forest is made up of three distinc habitat types namely. Cynometra Forest, Brachystegia Woodland and Mixed Forest. Cyanometra forest is dominated by Cynometra webberi and Manilkara sulcata tree species. The brachystegia woodland is dominated by Brachystegia spiciformis while in the moxed forest the common tree species are Afzelia quanzensis (formerly dominant), Hymenaea verrucosa, Combretum schumannii and Manilkara sansibarensis and the cycad Encephalartos hildebrandtii. These distinct habitats vary depending on the soil type and rainfall patterns. A number of seasonal wetlands are found in the forest including the Arabuko Swamp.</descriptorValue>
                </descriptor>
            </studyAreaDescription>
            <designDescription>
                <description>
                    <para>The main data collection method was mist netting. Different ringers collected ringing data in Arabuko Sokoke Forest at different times in the years between 1971 and 1996. They all stored copies of their records in the National Museums of Kenya, Ornithology Section. The list consist of species recorded within the boundaries of the forest and the adjucent environs. The species were approved before being added to this list. The data was then aligned to the Darwin Core Standards before publishing through the IPT at the National Museums of Kenya, Nairobi.</para>
                </description>
            </designDescription>
      </project>
</dataset>

<additionalMetadata>
    <metadata>
      <gbif>
        <dateStamp>2019-03-08T14:32:02Z</dateStamp>
      <citation>Ogada N, Juma F, Jackson C, Njoroge P (2018). Ringing Data of Birds of Arabuko-Sokoke Forest. National Museums of Kenya. Sampling event dataset https://doi.org/10.15468/yuvkcp accessed via GBIF.org on 2019-03-08.</citation>
              <resourceLogoUrl>http://ipt.museums.or.ke/ipt/logo.do?r=asfringing</resourceLogoUrl>
        </gbif>
    </metadata>
</additionalMetadata>

</eml:eml>
