<?xml version="1.0" encoding="utf-8"?>
<eml:eml xmlns:eml="eml://ecoinformatics.org/eml-2.1.1" xmlns:xsi="http://www.w3.org/2001/XMLSchema-instance"
         xsi:schemaLocation="eml://ecoinformatics.org/eml-2.1.1 http://rs.gbif.org/schema/eml-gbif-profile/1.1/eml.xsd"
        packageId="962f59bc-f762-11e1-a439-00145eb45e9a"  system="http://gbif.org" scope="system"
  xml:lang="en">

<dataset>
      <alternateIdentifier>10.15468/s2iu7d</alternateIdentifier>
        <alternateIdentifier>http://gbif.mnhn.lu/ipt/resource?r=gbif_occurrences</alternateIdentifier>
        <alternateIdentifier>962f59bc-f762-11e1-a439-00145eb45e9a</alternateIdentifier>
        <alternateIdentifier>http://gbif.mnhn.lu:8080/ipt-2.3.5/resource?r=gbif_occurrences</alternateIdentifier>
        <alternateIdentifier>8107</alternateIdentifier>
    <title>Collections and observation data National Museum of Natural History Luxembourg</title>
    <creator>
    <individualName>
<givenName>Armand</givenName>          <surName>Turpel</surName>
    </individualName>
    <address>
<country>LUXEMBOURG</country>    </address>
<electronicMailAddress>aturpel@mnhn.lu</electronicMailAddress>    </creator>
    <metadataProvider>
    <individualName>
<givenName>Tania</givenName>          <surName>Walisch</surName>
    </individualName>
    <address>
<country>LUXEMBOURG</country>    </address>
<electronicMailAddress>recorder@mnhn.lu</electronicMailAddress>    </metadataProvider>
    <associatedParty>
    <individualName>
<givenName>Tania</givenName>          <surName>Walisch</surName>
    </individualName>
<electronicMailAddress>recorder@mnhn.lu</electronicMailAddress>    <role>USER</role>
    </associatedParty>
      <pubDate>
      2019-03-06
      </pubDate>
    <language>ENGLISH</language>
    <abstract>
        <para>Collections and observation data National Museum of Natural History Luxembourg</para>
    </abstract>
        <keywordSet>
              <keyword>Occurrence</keyword>
              <keywordThesaurus>GBIF Dataset Type Vocabulary: http://rs.gbif.org/vocabulary/gbif/dataset_type.xml</keywordThesaurus>
        </keywordSet>
        <keywordSet>
              <keyword>Observation</keyword>
              <keywordThesaurus>GBIF Dataset Subtype Vocabulary: http://rs.gbif.org/vocabulary/gbif/dataset_subtype.xml</keywordThesaurus>
        </keywordSet>
      <intellectualRights>
        <para>To the extent possible under law, the publisher has waived all rights to these data and has dedicated them to the <ulink url="http://creativecommons.org/publicdomain/zero/1.0/legalcode"><citetitle>Public Domain (CC0 1.0)</citetitle></ulink>. Users may copy, modify, distribute and use the work, including for commercial purposes, without restriction.</para>
      </intellectualRights>
      <maintenance>
          <description>
              <para></para>
          </description>
          <maintenanceUpdateFrequency>weekly</maintenanceUpdateFrequency>
      </maintenance>
      <contact>
    <individualName>
<givenName>Tania</givenName>          <surName>Walisch</surName>
    </individualName>
<organizationName>Musée national d&apos;histoire naturelle Luxembourg</organizationName><positionName>Administrative contact</positionName>    <address>
<deliveryPoint>25 rue Munster</deliveryPoint><city>Luxembourg</city><postalCode>L-2160</postalCode><country>LUXEMBOURG</country>    </address>
<phone>00352 46 22 40 263</phone><electronicMailAddress>recorder@mnhn.lu</electronicMailAddress>      </contact>

</dataset>

<additionalMetadata>
    <metadata>
      <gbif>
        <dateStamp>2019-03-08T14:32:00Z</dateStamp>
      <citation>Turpel A, Walisch T (2019). Collections and observation data National Museum of Natural History Luxembourg. Musée national d&apos;histoire naturelle Luxembourg. Occurrence dataset https://doi.org/10.15468/s2iu7d accessed via GBIF.org on 2019-03-08.</citation>
        </gbif>
    </metadata>
</additionalMetadata>

</eml:eml>
