<?xml version="1.0" encoding="utf-8"?>
<eml:eml xmlns:eml="eml://ecoinformatics.org/eml-2.1.1" xmlns:xsi="http://www.w3.org/2001/XMLSchema-instance"
         xsi:schemaLocation="eml://ecoinformatics.org/eml-2.1.1 http://rs.gbif.org/schema/eml-gbif-profile/1.1/eml.xsd"
        packageId="dc67ba75-6a7c-44ef-83f7-81bce6a7aef1"  system="http://gbif.org" scope="system"
  xml:lang="en">

<dataset>
      <alternateIdentifier>10.15468/1wbexy</alternateIdentifier>
        <alternateIdentifier>dc67ba75-6a7c-44ef-83f7-81bce6a7aef1</alternateIdentifier>
        <alternateIdentifier>http://ipt.museums.or.ke/ipt/resource?r=asf_pointcounts_ogada</alternateIdentifier>
    <title>Point count data of Birds of Arabuko-Sokoke Forest (2017)</title>
    <creator>
    <individualName>
<givenName>Ronald</givenName>          <surName>Mulwa</surName>
    </individualName>
<organizationName>National Museums of Kenya</organizationName><positionName>Senior Research Scientist</positionName>    <address>
<deliveryPoint>Museum Hill Road</deliveryPoint><city>Nairobi</city><administrativeArea>Nairobi</administrativeArea><postalCode>40658 - 00100</postalCode><country>KENYA</country>    </address>
<electronicMailAddress>ronmulwa@yahoo.com</electronicMailAddress><onlineUrl>http://www.museums.or.ke</onlineUrl>    </creator>
    <creator>
    <individualName>
<givenName>Onesmus</givenName>          <surName>Kioko</surName>
    </individualName>
<organizationName>National Museums of Kenya</organizationName><positionName>Research Technician</positionName>    <address>
<deliveryPoint>Museum Hill Road</deliveryPoint><city>Nairobi</city><administrativeArea>Nairobi</administrativeArea><postalCode>40658 - 00100</postalCode><country>KENYA</country>    </address>
<electronicMailAddress>okioko@museums.or.ke</electronicMailAddress><onlineUrl>http://www.museums.or.ke</onlineUrl>    </creator>
    <creator>
    <individualName>
<givenName>Nelly</givenName>          <surName>Ogada</surName>
    </individualName>
<organizationName>National Museums of Kenya</organizationName><positionName>Research Intern</positionName>    <address>
<deliveryPoint>Museum Hill Road</deliveryPoint><city>Nairobi</city><administrativeArea>Nairobi</administrativeArea><postalCode>40658 - 00100</postalCode><country>KENYA</country>    </address>
<electronicMailAddress>akothogada@gmail.com</electronicMailAddress><onlineUrl>http://www.museums.or.ke</onlineUrl>    </creator>
    <creator>
    <individualName>
<givenName>Frank</givenName>          <surName>Juma</surName>
    </individualName>
<organizationName>National Museums of Kenya</organizationName><positionName>Research Intern</positionName>    <address>
<deliveryPoint>Museum Hill Road</deliveryPoint><city>Nairobi</city><administrativeArea>Nairobi</administrativeArea><postalCode>40658 - 00100</postalCode><country>KENYA</country>    </address>
<electronicMailAddress>frankjuma47@gmail.com</electronicMailAddress><onlineUrl>http://www.museums.or.ke</onlineUrl>    </creator>
    <creator>
    <individualName>
<givenName>Lennox</givenName>          <surName>Kirao</surName>
    </individualName>
<organizationName>A Rocha Kenya</organizationName><positionName>Project Manager</positionName>    <address>
<deliveryPoint>Beach Road, Plot 28, Watamu</deliveryPoint><city>Malindi</city><administrativeArea>Coast</administrativeArea><postalCode>383 - 80202</postalCode><country>KENYA</country>    </address>
<electronicMailAddress>lennoxk9@gmail.com</electronicMailAddress>    </creator>
    <creator>
    <individualName>
<givenName>Peter</givenName>          <surName>Njoroge</surName>
    </individualName>
<organizationName>National Museums of Kenya</organizationName><positionName>Head - Ornithology Section</positionName>    <address>
<deliveryPoint>Museum Hill Road</deliveryPoint><city>Nairobi</city><administrativeArea>Nairobi</administrativeArea><postalCode>40658</postalCode><country>KENYA</country>    </address>
<electronicMailAddress>pnjoroge@museums.or.ke</electronicMailAddress><onlineUrl>http://www.museums.or.ke</onlineUrl>    </creator>
    <metadataProvider>
    <individualName>
<givenName>Ronald</givenName>          <surName>Mulwa</surName>
    </individualName>
<organizationName>National Museums of Kenya</organizationName><positionName>Senior Research Scientist</positionName>    <address>
<deliveryPoint>Museum Hill Road</deliveryPoint><city>Nairobi</city><administrativeArea>Nairobi</administrativeArea><postalCode>40658 - 00100</postalCode><country>KENYA</country>    </address>
<electronicMailAddress>ronmulwa@yahoo.com</electronicMailAddress><onlineUrl>http://www.museums.or.ke</onlineUrl>    </metadataProvider>
    <associatedParty>
    <individualName>
<givenName>Esther</givenName>          <surName>Mwangi</surName>
    </individualName>
<organizationName>National Museums of Kenya</organizationName><positionName>Research Scientist</positionName>    <address>
<deliveryPoint>Museum Hill Road</deliveryPoint><city>Nairobi</city><administrativeArea>Nairobi</administrativeArea><postalCode>40658</postalCode><country>KENYA</country>    </address>
<electronicMailAddress>ewmwangi@museums.or.ke</electronicMailAddress><onlineUrl>http://www.museums.or.ke</onlineUrl>    <role>PROCESSOR</role>
    </associatedParty>
    <associatedParty>
    <individualName>
<givenName>Lawrence</givenName>          <surName>Monda</surName>
    </individualName>
<organizationName>National Museums of Kenya</organizationName><positionName>ICT Manager</positionName>    <address>
<deliveryPoint>Museum Hill Road</deliveryPoint><city>Nairobi</city><administrativeArea>Nairobi</administrativeArea><postalCode>40658</postalCode><country>KENYA</country>    </address>
<electronicMailAddress>lmonda@museums.or.ke</electronicMailAddress><onlineUrl>http://www.museums.or.ke</onlineUrl>    <role>PUBLISHER</role>
    </associatedParty>
      <pubDate>
      2019-01-10
      </pubDate>
    <language>ENGLISH</language>
    <abstract>
        <para>This is a record of bird species recorded in Arabuko – Sokoke Forest. The data was collected using point count method of data collection for a number of days from 18 – 24 June 2017. Point count data in birds is mostly used for estimating population sizes and for detecting changes in population sizes of birds. At times this method is used to determine species diversity and prepare checklists. This data is also made up of a small list of owl species recorded in the forest specifically in Cyanometra Forest of the Arabuko – Sokoke Forest.</para>
    </abstract>
        <keywordSet>
              <keyword>point count</keyword>
              <keyword>National Museums of Kenya</keyword>
              <keyword>sampling event</keyword>
              <keyword>ornithology section archives</keyword>
              <keywordThesaurus>GBIF Dataset Type Vocabulary: http://rs.gbif.org/vocabulary/gbif/dataset_type.xml</keywordThesaurus>
        </keywordSet>
      <intellectualRights>
        <para>This work is licensed under a <ulink url="http://creativecommons.org/licenses/by-nc/4.0/legalcode"><citetitle>Creative Commons Attribution Non Commercial (CC-BY-NC) 4.0 License</citetitle></ulink>.</para>
      </intellectualRights>
      <coverage>
            <geographicCoverage>
                  <geographicDescription>Bird species recorded in Arabuko-Sokoke Forest.</geographicDescription>
                  <boundingCoordinates>
                      <westBoundingCoordinate>39.795</westBoundingCoordinate>
                      <eastBoundingCoordinate>40.004</eastBoundingCoordinate>
                      <northBoundingCoordinate>-3.2</northBoundingCoordinate>
                      <southBoundingCoordinate>-3.502</southBoundingCoordinate>
                  </boundingCoordinates>
            </geographicCoverage>
          <temporalCoverage>
            <rangeOfDates>
              <beginDate>
                <calendarDate>      2017-06-18
</calendarDate>
              </beginDate>
              <endDate>
                <calendarDate>      2017-06-24
</calendarDate>
              </endDate>
            </rangeOfDates>
          </temporalCoverage>
              <taxonomicCoverage>
                    <generalTaxonomicCoverage>Various bird species.</generalTaxonomicCoverage>
                    <taxonomicClassification>
                          <taxonRankName>Class</taxonRankName>
                        <taxonRankValue>Aves</taxonRankValue>
                    </taxonomicClassification>
              </taxonomicCoverage>
      </coverage>
      <maintenance>
          <description>
              <para></para>
          </description>
          <maintenanceUpdateFrequency>unkown</maintenanceUpdateFrequency>
      </maintenance>
      <contact>
    <individualName>
<givenName>Ronald</givenName>          <surName>Mulwa</surName>
    </individualName>
<organizationName>National Museums of Kenya</organizationName><positionName>Senior Research Scientist</positionName>    <address>
<deliveryPoint>Museum Hill Road</deliveryPoint><city>Nairobi</city><administrativeArea>Nairobi</administrativeArea><postalCode>40658 - 00100</postalCode><country>KENYA</country>    </address>
<electronicMailAddress>ronmulwa@yahoo.com</electronicMailAddress><onlineUrl>http://www.museums.or.ke</onlineUrl>      </contact>

      <project id="BID-AF2017-0274-NAC">
          <title>Application of biodiversity monitoring data to resolve competing conservation management priorities in an East African forest landscape</title>
          <personnel>
    <individualName>
<givenName>Nelly</givenName>          <surName>Ogada</surName>
    </individualName>
    <role>POINT_OF_CONTACT</role>
          </personnel>
          <abstract>
              <para>The purpose of this project is to digitalize all data of both flora and fauna recorded in Arabuko-Sokoke Forest and adjacent surroundings making the data easily accessible to conservationists and researchers. By being the largest and least disturbed coastal forest in East Africa, the forest is home to a number of endemic and rare bird species.</para>
          </abstract>
          <funding>
              <para>The final formatting and digitisation of Arabuko-Sokoke Forest data was funded by the European Union through the Biodiversity Information for Development project of the Global Biodiversity Information Facility https://bid.gbif.org/en/calls/africa-2017/national-grants/</para>
          </funding>
            <studyAreaDescription>
                <descriptor name="generic" citableClassificationSystem="false">
                    <descriptorValue>Arabuko-Sokoke Forest lies within co-ordinates 030 20’ S and 390 50’E. The forest is made up of three distinct habitat types namely. Cynometra Forest, Brachystegia Woodland and Mixed Forest. Cyanometra forest is dominated by Cynometra webberi and Manilkara sulcata tree species. The brachystegia woodland is dominated by Brachystegia spiciformis while in the mixed forest the common tree species are Afzelia quanzensis (formerly dominant), Hymenaea verrucosa, Combretum schumannii and Manilkara sansibarensis and the cycad Encephalartos hildebrandtii. These distinct habitats vary depending on the soil type and rainfall patterns. A number of seasonal wetlands are found in the forest including the Arabuko Swamp.</descriptorValue>
                </descriptor>
            </studyAreaDescription>
            <designDescription>
                <description>
                    <para>The data was collected using point count data collection method. The data was collected for five days from 0600 hours to 1000hours. Data on the owls was collected for one night at the Cyanometra Forest for a period of two hours from 1900 hours to 2100hours. The list consist of species recorded within the boundaries of the forest and the adjacent environs. The species were approved before being added to this list. The data was then aligned to the Darwin Core Standards before publishing through the IPT at the National Museums of Kenya, Nairobi</para>
                </description>
            </designDescription>
      </project>
</dataset>

<additionalMetadata>
    <metadata>
      <gbif>
        <dateStamp>2019-03-08T14:32:01Z</dateStamp>
      <citation>Mulwa R, Kioko O, Ogada N, Juma F, Kirao L, Njoroge P (2019). Point count data of Birds of Arabuko-Sokoke Forest (2017). Version 1.2. National Museums of Kenya. Sampling event dataset https://doi.org/10.15468/1wbexy accessed via GBIF.org on 2019-03-08.</citation>
              <resourceLogoUrl>http://ipt.museums.or.ke/ipt/logo.do?r=asf_pointcounts_ogada</resourceLogoUrl>
        </gbif>
    </metadata>
</additionalMetadata>

</eml:eml>
