<?xml version="1.0" encoding="utf-8"?>
<eml:eml xmlns:eml="eml://ecoinformatics.org/eml-2.1.1" xmlns:xsi="http://www.w3.org/2001/XMLSchema-instance"
         xsi:schemaLocation="eml://ecoinformatics.org/eml-2.1.1 http://rs.gbif.org/schema/eml-gbif-profile/1.1/eml.xsd"
        packageId="10.15468/dl.xx3diy"  system="http://gbif.org" scope="system"
  xml:lang="en">

<dataset>
        <alternateIdentifier>0000617-190307172214381</alternateIdentifier>
    <title>GBIF Occurrence Download 10.15468/dl.xx3diy</title>
    <creator>
    <individualName>
          <surName>GBIF Download Service</surName>
    </individualName>
<electronicMailAddress>support@gbif.org</electronicMailAddress>    </creator>
    <metadataProvider>
    <individualName>
          <surName>GBIF Download Service</surName>
    </individualName>
<electronicMailAddress>support@gbif.org</electronicMailAddress>    </metadataProvider>
      <pubDate>
      2019-03-08
      </pubDate>
    <language>ENGLISH</language>
    <abstract>
        <para>A dataset containing all occurrences available in GBIF matching the query:
TaxonKey: Turdoides hindei (Sharpe, 1900) or Ploceus golandi (S.Clarke, 1913) or Hemimacronyx sharpei or Cisticola aberdare Lynes, 1930 or Mirafra williamsi Macdonald, 1956 or Apalis fuscigularis Moreau, 1938 or Cisticola restrictus Traylor, 1967 or Zosterops kikuyuensis Sharpe, 1891 or Turdus helleri (Mearns, 1913)
The dataset includes records from the following constituent datasets. The full metadata for each constituent is also included in this archive:
1 records from Collections and observation data National Museum of Natural History Luxembourg
1 records from Marsabit Ecosystem Inventory Surveys 2014
1 records from Cowan Tetrapod Collection - Birds
1 records from SBMNH Vertebrate Zoology
2 records from MSB Bird Collection (Arctos)
2 records from iNaturalist Research-grade Observations
2 records from naturgucker
3 records from ORN
4 records from LSUMZ Birds Collection
4 records from WFVZ Bird Collections
4 records from Museum of Comparative Zoology, Harvard University
5 records from Kenya Virtual Museum Records
5 records from LACM Vertebrate Collection
10 records from Xeno-canto - Bird sounds from around the world
10 records from Point count data of Birds of Arabuko-Sokoke Forest (2017)
12 records from Aves Tanzanian collection at the Natural History Museum of Denmark (SNM)
15 records from NMNH Extant Specimen Records
17 records from Macaulay Library Audio and Video Collection
18 records from CM Birds Collection
18 records from Natural History Museum (London) Collection Specimens
19 records from Field Museum of Natural History (Zoology) Bird Collection
23 records from Vertebrate Zoology Division - Ornithology, Yale Peabody Museum
30 records from A Rocha Kenya bird ringing data from Arabuko-Sokoke Forest and Gede Ruins Forest, Kenya, 2019
41 records from AMNH Bird Collection
100 records from Ringing Data of Birds of Arabuko-Sokoke Forest
109 records from Birds Occurrence Data in Kenya
114 records from Kenya Birdmap (Full protocol records)
399 records from EOD - eBird Observation Dataset
</para>
    </abstract>
      <contact>
    <individualName>
          <surName>GBIF Download Service</surName>
    </individualName>
<electronicMailAddress>support@gbif.org</electronicMailAddress>      </contact>

</dataset>

<additionalMetadata>
    <metadata>
      <gbif>
        <dateStamp>2019-03-08T14:32:03Z</dateStamp>
      <citation identifier="10.15468/dl.xx3diy">GBIF Occurrence Download 10.15468/dl.xx3diy</citation>
              <physical>
                  <objectName>Darwin Core Archive</objectName>
                  <characterEncoding>UTF-8</characterEncoding>
                  <dataFormat>
                      <externallyDefinedFormat>
                          <formatName>Darwin Core Archive</formatName>
                      </externallyDefinedFormat>
                  </dataFormat>
                  <distribution>
                      <online>
                          <url function="download">http://api.gbif.org/v1/occurrence/download/request/0000617-190307172214381.zip</url>
                      </online>
                  </distribution>
              </physical>
        </gbif>
    </metadata>
</additionalMetadata>

</eml:eml>
